latitude,longitude,brightness,acq_date,acq_time,satellite,confidence,bright_t31,frp,daynight,label_fire,year,month,day,dayofyear,hour,minute,label
38.6586,27.0758,325.1,2015-02-21,1114,Aqua,84,290.4,24.8,D,1,2015,2,21,52,11,14,1
38.8805,27.0858,347.2,2015-06-15,0922,Terra,81,308.1,54.5,D,1,2015,6,15,166,9,22,1
38.3115,26.641,354.9,2015-07-04,1132,Aqua,97,308.7,70.8,D,1,2015,7,4,185,11,32,1
38.1211,27.7115,319.4,2015-07-13,2051,Terra,98,293.0,76.7,N,1,2015,7,13,194,20,51,1
38.1178,27.7188,318.3,2015-07-13,2051,Terra,97,293.0,71.5,N,1,2015,7,13,194,20,51,1
38.8543,27.0519,363.5,2015-07-15,0935,Terra,87,311.3,190.5,D,1,2015,7,15,196,9,35,1
38.8502,27.0716,334.5,2015-07-15,0935,Terra,84,309.3,48.4,D,1,2015,7,15,196,9,35,1
38.4477,27.2876,332.3,2015-08-31,0852,Terra,81,311.2,27.4,D,1,2015,8,31,243,8,52,1
38.7388,27.0954,354.8,2015-08-31,1956,Terra,100,297.6,117.3,N,1,2015,8,31,243,19,56,1
38.7358,27.0795,315.7,2015-08-31,1956,Terra,92,296.3,20.2,N,1,2015,8,31,243,19,56,1
38.2037,27.6699,335.0,2016-06-08,1107,Aqua,85,309.8,27.8,D,1,2016,6,8,160,11,7,1
38.664,26.4681,333.0,2016-06-08,2033,Terra,100,290.5,47.5,N,1,2016,6,8,160,20,33,1
38.5289,27.065,324.4,2016-06-24,2033,Terra,100,298.7,28.0,N,1,2016,6,24,176,20,33,1
38.1716,26.9725,336.3,2016-08-03,1156,Aqua,83,305.2,93.7,D,1,2016,8,3,216,11,56,1
38.1367,26.9908,334.4,2016-08-03,1944,Terra,100,300.0,100.8,N,1,2016,8,3,216,19,44,1
38.1318,26.9685,319.4,2016-08-03,1944,Terra,98,297.7,44.8,N,1,2016,8,3,216,19,44,1
38.1493,26.9872,310.5,2016-08-03,1944,Terra,80,297.8,21.3,N,1,2016,8,3,216,19,44,1
38.2843,27.2385,312.3,2016-08-03,1944,Terra,84,297.4,25.9,N,1,2016,8,3,216,19,44,1
38.1582,26.9859,316.9,2016-08-03,2356,Aqua,94,297.9,17.6,N,1,2016,8,3,216,23,56,1
38.4443,26.4989,368.1,2016-09-15,1137,Aqua,100,307.3,143.6,D,1,2016,9,15,259,11,37,1
39.1598,27.4141,332.3,2016-10-18,0903,Terra,88,294.6,30.2,D,1,2016,10,18,292,9,3,1
38.145,26.8376,323.5,2016-12-26,2026,Terra,100,277.3,30.0,N,1,2016,12,26,361,20,26,1
38.2099,27.1655,332.8,2017-06-20,0922,Terra,85,305.4,29.1,D,1,2017,6,20,171,9,22,1
38.9616,26.9381,349.4,2017-06-25,0940,Terra,82,306.0,133.0,D,1,2017,6,25,176,9,40,1
38.9565,26.9617,362.7,2017-06-25,0940,Terra,87,306.9,228.9,D,1,2017,6,25,176,9,40,1
38.9613,26.9477,352.0,2017-06-25,1119,Aqua,95,316.1,45.8,D,1,2017,6,25,176,11,19,1
38.1053,27.0354,339.1,2017-07-01,2007,Terra,100,306.1,40.1,N,1,2017,7,1,182,20,7,1
38.1034,27.0231,317.5,2017-07-01,2007,Terra,94,303.2,11.0,N,1,2017,7,1,182,20,7,1
38.1554,27.0661,325.2,2017-07-01,2007,Terra,100,303.5,20.8,N,1,2017,7,1,182,20,7,1
38.1535,27.0541,326.8,2017-07-01,2007,Terra,100,302.5,22.2,N,1,2017,7,1,182,20,7,1
38.1548,27.0601,316.6,2017-07-02,0021,Aqua,93,300.3,13.0,N,1,2017,7,2,183,0,21,1
38.1475,27.0487,353.7,2017-07-02,1125,Aqua,95,323.6,53.1,D,1,2017,7,2,183,11,25,1
38.7451,26.9471,341.0,2017-07-03,0851,Terra,84,311.0,43.5,D,1,2017,7,3,184,8,51,1
37.9901,27.6486,338.3,2017-07-07,1143,Aqua,85,311.5,55.5,D,1,2017,7,7,188,11,43,1
39.3498,27.2685,312.7,2017-07-09,1919,Terra,85,291.0,103.1,N,1,2017,7,9,190,19,19,1
38.4997,27.1369,326.2,2017-07-14,0045,Aqua,100,300.2,67.2,N,1,2017,7,14,195,0,45,1
38.4972,27.1431,312.5,2017-07-14,0045,Aqua,85,299.3,27.5,N,1,2017,7,14,195,0,45,1
38.51,27.1463,314.9,2017-07-14,0045,Aqua,90,299.8,33.1,N,1,2017,7,14,195,0,45,1
38.5156,27.1211,312.5,2017-07-14,0045,Aqua,85,299.0,26.8,N,1,2017,7,14,195,0,45,1
38.2762,27.7827,311.0,2017-07-25,1919,Terra,81,292.8,80.2,N,1,2017,7,25,206,19,19,1
38.2931,27.7761,321.1,2017-07-25,1919,Terra,100,293.0,161.3,N,1,2017,7,25,206,19,19,1
38.2764,27.7785,313.1,2017-07-25,1919,Terra,86,292.9,94.9,N,1,2017,7,25,206,19,19,1
38.2934,27.7722,318.2,2017-07-25,1919,Terra,96,292.6,137.2,N,1,2017,7,25,206,19,19,1
38.3025,27.7765,314.4,2017-07-25,2057,Terra,89,292.8,68.7,N,1,2017,7,25,206,20,57,1
38.2869,27.7797,318.3,2017-07-25,2057,Terra,97,294.4,87.6,N,1,2017,7,25,206,20,57,1
38.2921,27.7848,332.4,2017-07-25,2057,Terra,100,295.3,179.5,N,1,2017,7,25,206,20,57,1
38.293,27.7977,314.3,2017-07-25,2332,Aqua,89,293.6,51.1,N,1,2017,7,25,206,23,32,1
38.3025,27.793,311.2,2017-07-25,2332,Aqua,82,293.1,42.0,N,1,2017,7,25,206,23,32,1
38.2887,27.7819,336.0,2017-07-26,0858,Terra,81,310.8,25.1,D,1,2017,7,26,207,8,58,1
38.287,27.7942,341.0,2017-07-26,0858,Terra,87,312.8,33.2,D,1,2017,7,26,207,8,58,1
38.2978,27.7899,318.9,2017-07-26,2002,Terra,98,295.7,17.6,N,1,2017,7,26,207,20,2,1
38.2955,27.7764,312.0,2017-07-26,2002,Terra,84,294.6,10.6,N,1,2017,7,26,207,20,2,1
38.3136,27.825,336.0,2017-07-26,2002,Terra,100,297.3,42.4,N,1,2017,7,26,207,20,2,1
38.3116,27.8129,364.8,2017-07-26,2002,Terra,100,302.0,117.5,N,1,2017,7,26,207,20,2,1
38.3093,27.8,373.3,2017-07-26,2002,Terra,100,304.0,151.0,N,1,2017,7,26,207,20,2,1
38.3072,27.7871,336.4,2017-07-26,2002,Terra,100,297.1,43.0,N,1,2017,7,26,207,20,2,1
38.323,27.8226,341.6,2017-07-26,2002,Terra,100,299.0,53.4,N,1,2017,7,26,207,20,2,1
38.3209,27.8105,364.0,2017-07-26,2002,Terra,100,299.2,114.7,N,1,2017,7,26,207,20,2,1
38.3187,27.7975,381.1,2017-07-26,2002,Terra,100,298.1,188.0,N,1,2017,7,26,207,20,2,1
38.3151,27.8076,331.6,2017-07-27,0015,Aqua,100,295.4,31.0,N,1,2017,7,27,208,0,15,1
38.3132,27.8194,318.4,2017-07-27,0015,Aqua,96,293.9,15.6,N,1,2017,7,27,208,0,15,1
38.3079,27.7941,313.4,2017-07-27,0015,Aqua,87,293.2,11.5,N,1,2017,7,27,208,0,15,1
38.3241,27.81,319.3,2017-07-27,0015,Aqua,98,292.8,16.7,N,1,2017,7,27,208,0,15,1
38.0572,26.8858,363.6,2017-08-02,0904,Terra,100,306.7,92.7,D,1,2017,8,2,214,9,4,1
38.423,27.2483,318.7,2017-08-11,2002,Terra,97,299.1,16.6,N,1,2017,8,11,223,20,2,1
38.4364,26.5261,335.4,2017-08-19,0021,Aqua,100,299.4,37.0,N,1,2017,8,19,231,0,21,1
38.1638,26.8406,344.0,2017-09-24,0922,Terra,80,304.5,58.0,D,1,2017,9,24,267,9,22,1
38.1232,27.2433,344.1,2017-09-25,1143,Aqua,92,304.0,83.6,D,1,2017,9,25,268,11,43,1
38.1217,27.2323,366.0,2017-09-25,1143,Aqua,100,305.5,192.0,D,1,2017,9,25,268,11,43,1
38.1216,27.2254,342.0,2017-09-25,1143,Aqua,91,304.3,76.0,D,1,2017,9,25,268,11,43,1
38.149,26.8524,368.5,2017-10-17,1107,Aqua,100,307.5,144.0,D,1,2017,10,17,290,11,7,1
38.1588,26.8497,335.7,2017-10-17,1107,Aqua,88,303.9,41.4,D,1,2017,10,17,290,11,7,1
38.5709,27.0661,342.5,2018-06-03,1126,Aqua,89,316.3,30.5,D,1,2018,6,3,154,11,26,1
38.5724,27.0776,339.4,2018-06-03,1126,Aqua,86,315.4,25.1,D,1,2018,6,3,154,11,26,1
38.1597,26.8482,335.1,2018-06-25,0911,Terra,85,306.5,22.9,D,1,2018,6,25,176,9,11,1
38.101,27.3127,332.3,2018-07-15,1202,Aqua,81,303.7,110.3,D,1,2018,7,15,196,12,2,1
38.0858,27.3141,342.1,2018-07-15,1202,Aqua,89,305.8,193.2,D,1,2018,7,15,196,12,2,1
38.0896,27.3209,348.6,2018-07-15,1202,Aqua,94,306.5,261.5,D,1,2018,7,15,196,12,2,1
38.1487,28.1731,334.4,2018-08-07,0853,Terra,83,307.5,23.3,D,1,2018,8,7,219,8,53,1
38.9477,26.9841,315.7,2018-08-12,2015,Terra,92,294.2,12.8,N,1,2018,8,12,224,20,15,1
38.183,26.9506,328.0,2018-09-26,0840,Terra,83,297.0,55.1,D,1,2018,9,26,269,8,40,1
38.8084,27.0463,325.2,2018-10-17,0858,Terra,80,297.2,18.8,D,1,2018,10,17,290,8,58,1
38.1594,26.8478,322.4,2018-11-14,0922,Terra,82,292.4,25.5,D,1,2018,11,14,318,9,22,1
38.2698,26.4415,348.0,2019-08-07,0958,Terra,88,307.7,341.9,D,1,2019,8,7,219,9,58,1
38.2617,26.4361,336.0,2019-08-07,1137,Aqua,82,318.5,23.3,D,1,2019,8,7,219,11,37,1
38.2633,26.4497,354.6,2019-08-07,1137,Aqua,97,320.1,70.3,D,1,2019,8,7,219,11,37,1
38.1047,27.6692,323.7,2019-08-18,0015,Aqua,100,293.1,22.0,N,1,2019,8,18,230,0,15,1
38.1029,27.6808,365.3,2019-08-18,0015,Aqua,100,299.4,105.3,N,1,2019,8,18,230,0,15,1
38.1118,27.6831,317.2,2019-08-18,0015,Aqua,95,293.5,16.0,N,1,2019,8,18,230,0,15,1
38.2282,26.6909,357.1,2019-08-18,1119,Aqua,93,305.9,71.0,D,1,2019,8,18,230,11,19,1
38.2354,26.6773,365.5,2019-08-18,1119,Aqua,100,309.6,95.4,D,1,2019,8,18,230,11,19,1
38.3059,27.0255,352.0,2019-08-18,1119,Aqua,96,310.2,59.3,D,1,2019,8,18,230,11,19,1
38.3076,27.0368,380.2,2019-08-18,1119,Aqua,100,310.4,147.2,D,1,2019,8,18,230,11,19,1
38.2953,27.0163,333.7,2019-08-18,1119,Aqua,83,303.3,26.1,D,1,2019,8,18,230,11,19,1
38.297,27.0276,433.1,2019-08-18,1119,Aqua,100,326.9,512.0,D,1,2019,8,18,230,11,19,1
38.2987,27.0389,420.9,2019-08-18,1119,Aqua,100,315.9,396.7,D,1,2019,8,18,230,11,19,1
38.2371,26.6887,347.1,2019-08-18,1119,Aqua,93,306.7,48.6,D,1,2019,8,18,230,11,19,1
38.2864,27.0184,362.6,2019-08-18,1119,Aqua,100,301.8,86.7,D,1,2019,8,18,230,11,19,1
38.2881,27.0297,376.1,2019-08-18,1119,Aqua,100,303.2,131.7,D,1,2019,8,18,230,11,19,1
38.2264,26.6795,424.3,2019-08-18,1119,Aqua,94,320.8,431.8,D,1,2019,8,18,230,11,19,1
38.2128,26.9735,373.4,2019-08-18,2044,Terra,100,298.8,326.2,N,1,2019,8,18,230,20,44,1
38.2146,26.9952,361.4,2019-08-18,2044,Terra,100,297.0,229.6,N,1,2019,8,18,230,20,44,1
38.2165,27.0181,322.1,2019-08-18,2044,Terra,100,293.4,48.4,N,1,2019,8,18,230,20,44,1
38.1991,26.9549,396.3,2019-08-18,2044,Terra,100,300.2,591.8,N,1,2019,8,18,230,20,44,1
38.2111,26.9524,401.4,2019-08-18,2044,Terra,100,299.0,667.5,N,1,2019,8,18,230,20,44,1
38.2287,27.0165,326.5,2019-08-18,2044,Terra,100,294.7,59.6,N,1,2019,8,18,230,20,44,1
38.2268,26.9939,343.5,2019-08-18,2044,Terra,100,295.6,123.5,N,1,2019,8,18,230,20,44,1
38.2249,26.9714,326.8,2019-08-18,2044,Terra,100,294.2,59.8,N,1,2019,8,18,230,20,44,1
38.2231,26.9497,313.8,2019-08-18,2044,Terra,88,292.9,27.9,N,1,2019,8,18,230,20,44,1
38.2407,27.0137,328.4,2019-08-18,2044,Terra,100,295.4,65.2,N,1,2019,8,18,230,20,44,1
38.2369,26.9683,319.6,2019-08-18,2044,Terra,99,292.3,40.9,N,1,2019,8,18,230,20,44,1
38.2008,26.9765,358.5,2019-08-18,2044,Terra,100,296.8,208.8,N,1,2019,8,18,230,20,44,1
38.2372,26.9987,328.3,2019-08-18,2320,Aqua,100,293.7,248.9,N,1,2019,8,18,230,23,20,1
38.2534,26.9609,345.5,2019-08-18,2320,Aqua,100,294.0,499.9,N,1,2019,8,18,230,23,20,1
38.252,27.0129,343.4,2019-08-18,2320,Aqua,100,294.7,463.7,N,1,2019,8,18,230,23,20,1
38.2538,26.9556,340.5,2019-08-18,2320,Aqua,100,292.9,410.4,N,1,2019,8,18,230,23,20,1
38.252,27.009,345.5,2019-08-18,2320,Aqua,100,295.3,498.2,N,1,2019,8,18,230,23,20,1
38.2341,27.0061,317.1,2019-08-18,2320,Aqua,94,292.4,135.1,N,1,2019,8,18,230,23,20,1
38.2392,26.9437,317.3,2019-08-18,2320,Aqua,95,291.0,135.4,N,1,2019,8,18,230,23,20,1
38.256,26.994,341.2,2019-08-19,0058,Aqua,100,292.6,263.6,N,1,2019,8,19,231,0,58,1
38.2404,26.9908,334.6,2019-08-19,0058,Aqua,100,293.4,197.9,N,1,2019,8,19,231,0,58,1
38.2599,26.9897,329.9,2019-08-19,0058,Aqua,100,291.2,165.5,N,1,2019,8,19,231,0,58,1
38.2443,26.9865,345.8,2019-08-19,0058,Aqua,100,294.3,313.1,N,1,2019,8,19,231,0,58,1
38.2291,26.9819,323.9,2019-08-19,0058,Aqua,100,292.2,122.7,N,1,2019,8,19,231,0,58,1
38.2263,26.9483,405.5,2019-08-19,0845,Terra,100,313.5,552.0,D,1,2019,8,19,231,8,45,1
38.2245,26.9661,388.8,2019-08-19,0845,Terra,100,313.5,359.7,D,1,2019,8,19,231,8,45,1
38.2152,26.9456,375.4,2019-08-19,0845,Terra,100,305.9,249.7,D,1,2019,8,19,231,8,45,1
38.2135,26.9638,384.3,2019-08-19,0845,Terra,100,309.6,318.6,D,1,2019,8,19,231,8,45,1
38.2577,26.9737,356.9,2019-08-19,0845,Terra,98,305.6,135.1,D,1,2019,8,19,231,8,45,1
38.256,26.991,334.4,2019-08-19,0845,Terra,84,307.3,46.1,D,1,2019,8,19,231,8,45,1
38.2485,26.9524,353.1,2019-08-19,0845,Terra,96,300.9,117.6,D,1,2019,8,19,231,8,45,1
38.2117,26.9822,346.0,2019-08-19,0845,Terra,92,306.1,84.0,D,1,2019,8,19,231,8,45,1
38.21,26.9999,374.8,2019-08-19,0845,Terra,100,306.3,241.0,D,1,2019,8,19,231,8,45,1
38.2467,26.9712,333.3,2019-08-19,0845,Terra,83,304.8,44.6,D,1,2019,8,19,231,8,45,1
38.2374,26.9506,370.9,2019-08-19,0845,Terra,100,306.2,217.5,D,1,2019,8,19,231,8,45,1
38.2356,26.9688,347.6,2019-08-19,0845,Terra,93,306.3,91.3,D,1,2019,8,19,231,8,45,1
38.2482,27.0016,339.1,2019-08-19,1202,Aqua,88,306.5,152.8,D,1,2019,8,19,231,12,2,1
38.2461,26.9656,355.8,2019-08-19,1202,Aqua,98,308.0,325.4,D,1,2019,8,19,231,12,2,1
38.2443,26.9343,350.1,2019-08-19,1202,Aqua,95,304.8,260.3,D,1,2019,8,19,231,12,2,1
38.2654,27.0375,340.1,2019-08-19,1202,Aqua,89,304.9,162.2,D,1,2019,8,19,231,12,2,1
38.2803,27.0351,361.6,2019-08-19,1202,Aqua,100,305.7,403.5,D,1,2019,8,19,231,12,2,1
38.2483,27.0347,361.3,2019-08-19,1202,Aqua,100,305.2,394.6,D,1,2019,8,19,231,12,2,1
38.2313,26.9687,339.9,2019-08-19,1202,Aqua,88,303.7,163.8,D,1,2019,8,19,231,12,2,1
38.2505,27.0394,367.3,2019-08-19,1202,Aqua,100,305.7,484.1,D,1,2019,8,19,231,12,2,1
38.2294,26.9357,341.1,2019-08-19,1202,Aqua,84,302.0,174.3,D,1,2019,8,19,231,12,2,1
38.2444,26.9612,357.5,2019-08-19,1202,Aqua,98,308.7,351.2,D,1,2019,8,19,231,12,2,1
38.2428,26.9303,336.8,2019-08-19,1202,Aqua,86,304.8,144.7,D,1,2019,8,19,231,12,2,1
38.2632,27.0326,342.5,2019-08-19,1202,Aqua,90,305.3,185.9,D,1,2019,8,19,231,12,2,1
38.2802,27.0682,331.0,2019-08-19,1202,Aqua,81,304.8,96.6,D,1,2019,8,19,231,12,2,1
38.2781,27.03,356.4,2019-08-19,1202,Aqua,98,305.6,335.9,D,1,2019,8,19,231,12,2,1
38.2014,26.9834,332.9,2019-08-19,1202,Aqua,83,301.4,118.1,D,1,2019,8,19,231,12,2,1
38.2356,27.0421,338.1,2019-08-19,1202,Aqua,87,302.5,145.1,D,1,2019,8,19,231,12,2,1
38.2808,27.0616,323.2,2019-08-19,1949,Terra,100,295.3,44.6,N,1,2019,8,19,231,19,49,1
38.2367,27.0346,310.5,2019-08-20,0003,Aqua,80,294.4,11.0,N,1,2019,8,20,232,0,3,1
38.2477,26.9472,315.5,2019-08-20,0003,Aqua,91,293.9,16.2,N,1,2019,8,20,232,0,3,1
38.251,26.9551,318.8,2019-08-20,0003,Aqua,98,294.2,18.9,N,1,2019,8,20,232,0,3,1
38.2481,27.0565,315.7,2019-08-20,0003,Aqua,92,294.6,14.4,N,1,2019,8,20,232,0,3,1
38.2898,28.1928,345.2,2019-08-25,1125,Aqua,90,312.0,42.4,D,1,2019,8,25,237,11,25,1
38.6213,26.3662,383.5,2019-09-03,2044,Terra,100,299.6,385.9,N,1,2019,9,3,246,20,44,1
38.6229,26.3852,318.5,2019-09-03,2044,Terra,97,294.4,35.8,N,1,2019,9,3,246,20,44,1
38.4781,27.3636,312.8,2019-09-28,0009,Aqua,86,288.4,13.3,N,1,2019,9,28,271,0,9,1
38.655,26.9436,326.7,2019-10-23,1107,Aqua,82,300.8,25.2,D,1,2019,10,23,296,11,7,1
38.6542,26.9491,346.3,2019-10-23,1107,Aqua,94,301.7,64.8,D,1,2019,10,23,296,11,7,1
38.5997,26.9069,326.3,2019-11-02,1144,Aqua,84,294.8,40.0,D,1,2019,11,2,306,11,44,1
38.6261,26.8841,321.2,2020-02-26,0940,Terra,81,289.2,58.4,D,1,2020,2,26,57,9,40,1
38.7914,26.944,311.9,2020-05-23,0021,Aqua,84,285.0,14.9,N,1,2020,5,23,144,0,21,1
38.2823,27.0333,315.9,2020-07-02,2001,Terra,91,297.8,15.7,N,1,2020,7,2,184,20,1,1
38.2726,27.0361,324.7,2020-07-02,2001,Terra,100,299.0,27.4,N,1,2020,7,2,184,20,1,1
38.1439,26.849,363.7,2020-07-31,1144,Aqua,87,319.8,148.0,D,1,2020,7,31,213,11,44,1
38.1455,26.8661,345.2,2020-07-31,1144,Aqua,90,315.6,67.3,D,1,2020,7,31,213,11,44,1
38.1345,26.8677,369.9,2020-07-31,1144,Aqua,94,314.9,187.0,D,1,2020,7,31,213,11,44,1
38.1236,26.8695,343.7,2020-07-31,1144,Aqua,83,311.9,64.0,D,1,2020,7,31,213,11,44,1
38.1326,26.8748,343.6,2020-07-31,1144,Aqua,88,311.6,63.4,D,1,2020,7,31,213,11,44,1
38.738,26.9473,311.4,2020-08-01,2014,Terra,80,299.0,7.0,N,1,2020,8,1,214,20,14,1
38.0366,27.1793,390.5,2020-08-02,1131,Aqua,100,314.6,222.6,D,1,2020,8,2,215,11,31,1
38.0382,27.1924,342.1,2020-08-02,1131,Aqua,86,311.3,39.3,D,1,2020,8,2,215,11,31,1
38.0147,27.1638,383.0,2020-08-02,2056,Terra,100,297.5,827.3,N,1,2020,8,2,215,20,56,1
38.0136,27.137,344.1,2020-08-02,2056,Terra,100,295.6,245.0,N,1,2020,8,2,215,20,56,1
38.0156,27.1706,372.8,2020-08-02,2056,Terra,100,295.4,626.2,N,1,2020,8,2,215,20,56,1
38.0008,27.1736,358.3,2020-08-02,2056,Terra,100,295.9,406.4,N,1,2020,8,2,215,20,56,1
37.9998,27.1658,348.6,2020-08-02,2056,Terra,100,296.6,289.2,N,1,2020,8,2,215,20,56,1
37.9937,27.1636,326.9,2020-08-02,2332,Aqua,100,296.1,113.1,N,1,2020,8,2,215,23,32,1
38.0075,27.1731,310.4,2020-08-02,2332,Aqua,80,294.2,39.4,N,1,2020,8,2,215,23,32,1
38.3961,26.5117,323.3,2020-08-13,2038,Terra,100,299.6,30.0,N,1,2020,8,13,226,20,38,1
38.4069,26.5102,500.0,2020-08-13,2038,Terra,100,328.4,2787.6,N,1,2020,8,13,226,20,38,1
38.43,26.5235,319.7,2020-08-13,2038,Terra,99,296.8,24.1,N,1,2020,8,13,226,20,38,1
38.4316,26.5397,314.4,2020-08-13,2038,Terra,89,296.2,16.5,N,1,2020,8,13,226,20,38,1
38.4192,26.5247,427.8,2020-08-13,2038,Terra,100,312.7,803.6,N,1,2020,8,13,226,20,38,1
38.4208,26.5409,364.8,2020-08-13,2038,Terra,100,300.2,168.4,N,1,2020,8,13,226,20,38,1
38.4084,26.5258,463.6,2020-08-13,2038,Terra,100,323.9,1569.8,N,1,2020,8,13,226,20,38,1
38.3936,26.5105,327.6,2020-08-14,0052,Aqua,100,296.2,94.3,N,1,2020,8,14,227,0,52,1
38.4209,26.5545,346.5,2020-08-14,0052,Aqua,100,295.8,210.2,N,1,2020,8,14,227,0,52,1
38.414,26.5223,336.2,2020-08-14,0052,Aqua,100,296.1,137.7,N,1,2020,8,14,227,0,52,1
38.4078,26.5487,339.4,2020-08-14,0052,Aqua,100,295.7,155.3,N,1,2020,8,14,227,0,52,1
38.4271,26.5527,311.5,2020-08-14,0052,Aqua,83,294.5,36.0,N,1,2020,8,14,227,0,52,1
38.4141,26.5466,352.9,2020-08-14,0052,Aqua,100,296.4,262.0,N,1,2020,8,14,227,0,52,1
38.4075,26.5756,311.8,2020-08-14,0052,Aqua,83,294.2,36.2,N,1,2020,8,14,227,0,52,1
38.4069,26.515,324.8,2020-08-14,0052,Aqua,100,296.1,83.0,N,1,2020,8,14,227,0,52,1
38.401,26.541,349.1,2020-08-14,0052,Aqua,100,296.6,230.2,N,1,2020,8,14,227,0,52,1
38.3875,26.5369,321.8,2020-08-14,0052,Aqua,100,295.7,71.3,N,1,2020,8,14,227,0,52,1
39.2982,27.1004,332.2,2020-08-15,0921,Terra,81,307.8,25.9,D,1,2020,8,15,228,9,21,1
38.1271,27.655,321.4,2020-08-21,1949,Terra,100,294.6,36.9,N,1,2020,8,21,234,19,49,1
38.1307,27.6733,320.8,2020-08-21,1949,Terra,100,294.6,35.6,N,1,2020,8,21,234,19,49,1
38.5373,27.0722,312.5,2020-09-08,2351,Aqua,85,295.1,20.2,N,1,2020,9,8,252,23,51,1
39.1118,27.2869,328.8,2020-10-07,1119,Aqua,80,303.6,16.8,D,1,2020,10,7,281,11,19,1
39.0876,27.4617,323.0,2020-11-10,1107,Aqua,82,292.1,24.1,D,1,2020,11,10,315,11,7,1
38.265,27.1541,345.9,2021-06-27,1125,Aqua,90,315.6,33.9,D,1,2021,6,27,178,11,25,1
38.4861,27.1429,339.9,2021-07-04,1131,Aqua,87,309.1,32.7,D,1,2021,7,4,185,11,31,1
38.2192,27.8196,333.8,2021-07-06,1119,Aqua,82,305.8,19.1,D,1,2021,7,6,187,11,19,1
39.0704,27.2521,331.6,2021-07-14,1208,Aqua,80,303.8,155.6,D,1,2021,7,14,195,12,8,1
38.6421,26.8318,323.7,2021-07-15,2035,Terra,100,299.0,35.0,N,1,2021,7,15,196,20,35,1
38.0976,27.5378,333.3,2021-07-19,0906,Terra,80,311.9,15.1,D,1,2021,7,19,200,9,6,1
38.1348,28.1815,316.1,2021-08-09,0003,Aqua,92,295.2,14.2,N,1,2021,8,9,221,0,3,1
38.6449,27.0868,341.9,2021-08-10,1150,Aqua,88,311.0,86.8,D,1,2021,8,10,222,11,50,1
38.2054,27.1175,336.4,2021-08-14,1125,Aqua,83,311.8,21.8,D,1,2021,8,14,226,11,25,1
38.4446,26.5029,376.3,2021-08-14,1125,Aqua,100,314.3,134.8,D,1,2021,8,14,226,11,25,1
38.8496,27.0364,346.8,2021-09-01,1113,Aqua,92,311.2,44.2,D,1,2021,9,1,244,11,13,1
39.0452,27.0167,327.0,2022-04-03,0848,Terra,84,295.5,25.0,D,1,2022,4,3,93,8,48,1
39.1848,26.8435,322.6,2022-04-13,0925,Terra,82,294.5,35.5,D,1,2022,4,13,103,9,25,1
38.6432,26.4764,329.0,2022-06-18,2014,Terra,100,293.0,30.5,N,1,2022,6,18,169,20,14,1
38.6418,26.4649,323.8,2022-06-18,2014,Terra,100,292.9,24.0,N,1,2022,6,18,169,20,14,1
38.1575,27.4707,312.1,2022-06-27,2008,Terra,84,295.1,10.0,N,1,2022,6,27,178,20,8,1
38.2647,28.0579,348.6,2022-07-03,1140,Aqua,93,313.3,75.0,D,1,2022,7,3,184,11,40,1
38.715,27.0061,335.0,2022-07-06,0857,Terra,82,312.9,19.2,D,1,2022,7,6,187,8,57,1
38.2854,26.4535,335.2,2022-07-13,1037,Aqua,81,302.2,213.3,D,1,2022,7,13,194,10,37,1
38.2697,26.4606,348.0,2022-07-13,1037,Aqua,89,302.1,375.3,D,1,2022,7,13,194,10,37,1
38.2573,26.4586,348.8,2022-07-13,1215,Aqua,89,302.5,378.8,D,1,2022,7,13,194,12,15,1
38.2741,26.4573,375.9,2022-07-13,1215,Aqua,87,305.4,956.3,D,1,2022,7,13,194,12,15,1
38.2651,26.4938,348.7,2022-07-13,1215,Aqua,95,300.4,385.5,D,1,2022,7,13,194,12,15,1
38.2634,26.4498,369.2,2022-07-13,1215,Aqua,94,305.0,782.6,D,1,2022,7,13,194,12,15,1
38.2801,26.4486,341.6,2022-07-13,1215,Aqua,91,303.2,285.5,D,1,2022,7,13,194,12,15,1
38.2332,26.3236,332.0,2022-07-13,2007,Terra,100,294.0,32.1,N,1,2022,7,13,194,20,7,1
38.2522,26.4712,358.9,2022-07-14,0016,Aqua,100,297.3,84.4,N,1,2022,7,14,195,0,16,1
38.2611,26.4732,312.4,2022-07-14,0016,Aqua,85,294.5,11.2,N,1,2022,7,14,195,0,16,1
38.2538,26.4598,313.5,2022-07-14,0016,Aqua,87,293.8,11.8,N,1,2022,7,14,195,0,16,1
39.0638,27.0063,333.0,2022-07-14,1120,Aqua,80,313.6,17.9,D,1,2022,7,14,195,11,20,1
39.0655,27.0179,357.4,2022-07-14,1120,Aqua,98,314.6,65.9,D,1,2022,7,14,195,11,20,1
38.2254,26.9293,369.4,2022-07-22,0857,Terra,100,315.4,100.5,D,1,2022,7,22,203,8,57,1
38.2158,27.3197,339.0,2022-09-17,0849,Terra,87,308.3,31.2,D,1,2022,9,17,260,8,49,1
38.1816,27.3656,329.8,2023-06-01,0852,Terra,82,302.0,22.4,D,1,2023,6,1,152,8,52,1
38.2247,27.3188,325.1,2023-06-01,0852,Terra,80,303.0,15.1,D,1,2023,6,1,152,8,52,1
39.1712,27.4675,330.6,2023-06-10,1131,Aqua,82,308.4,15.3,D,1,2023,6,10,161,11,31,1
38.3496,27.227,333.7,2023-06-24,1130,Aqua,81,312.2,20.9,D,1,2023,6,24,175,11,30,1
38.3417,26.8812,320.8,2023-07-07,1953,Terra,100,296.3,16.2,N,1,2023,7,7,188,19,53,1
38.2177,27.1836,374.8,2023-07-10,1114,Aqua,100,311.9,224.5,D,1,2023,7,10,191,11,14,1
38.2211,27.2009,383.7,2023-07-10,1114,Aqua,100,310.1,290.2,D,1,2023,7,10,191,11,14,1
38.2059,26.4984,312.4,2023-07-19,1952,Terra,82,300.9,6.9,N,1,2023,7,19,200,19,52,1
38.1971,26.5005,381.4,2023-07-19,1952,Terra,100,309.0,154.6,N,1,2023,7,19,200,19,52,1
38.6107,27.1708,347.3,2023-07-25,1153,Aqua,91,316.9,55.3,D,1,2023,7,25,206,11,53,1
38.6144,27.1758,358.8,2023-07-25,1153,Aqua,99,316.7,95.8,D,1,2023,7,25,206,11,53,1
38.6127,27.1607,337.9,2023-07-25,1153,Aqua,83,315.4,30.2,D,1,2023,7,25,206,11,53,1
38.2469,28.0167,336.9,2023-07-26,1057,Aqua,83,313.5,86.8,D,1,2023,7,26,207,10,57,1
39.0642,27.2701,328.3,2023-07-26,1943,Terra,100,299.7,23.8,N,1,2023,7,26,207,19,43,1
38.2721,26.6021,332.9,2023-07-30,1206,Aqua,80,311.7,53.7,D,1,2023,7,30,211,12,6,1
38.8481,27.0746,374.9,2023-08-12,0847,Terra,100,305.9,129.7,D,1,2023,8,12,224,8,47,1
38.8462,27.0863,389.0,2023-08-12,0847,Terra,100,307.4,194.9,D,1,2023,8,12,224,8,47,1
38.829,27.0747,334.1,2023-08-12,1122,Aqua,83,309.1,26.3,D,1,2023,8,12,224,11,22,1
38.8291,27.0801,336.2,2023-08-12,1122,Aqua,84,309.2,29.3,D,1,2023,8,12,224,11,22,1
38.8266,27.0661,342.6,2023-08-12,1122,Aqua,90,308.4,44.0,D,1,2023,8,12,224,11,22,1
38.3027,26.7984,335.5,2023-08-24,1133,Aqua,82,305.7,25.9,D,1,2023,8,24,236,11,33,1
38.288,27.3489,313.1,2023-09-17,2354,Aqua,86,291.3,47.7,N,1,2023,9,17,260,23,54,1
38.2812,27.3264,311.7,2023-09-17,2354,Aqua,83,291.0,44.8,N,1,2023,9,17,260,23,54,1
38.3448,27.1003,317.2,2023-10-30,1932,Terra,95,284.8,21.1,N,1,2023,10,30,303,19,32,1
38.119,27.5579,342.2,2024-06-05,1210,Aqua,87,312.6,46.0,D,1,2024,6,5,157,12,10,1
38.3144,26.6153,341.8,2024-06-08,1235,Aqua,84,306.8,160.5,D,1,2024,6,8,160,12,35,1
38.2063,27.6983,318.7,2024-06-15,1846,Terra,97,295.6,93.8,N,1,2024,6,15,167,18,46,1
38.2023,27.6942,319.1,2024-06-15,1846,Terra,98,295.8,96.0,N,1,2024,6,15,167,18,46,1
38.3206,26.4375,325.3,2024-06-22,0113,Aqua,100,298.1,39.8,N,1,2024,6,22,174,1,13,1
39.0534,27.1517,319.4,2024-06-29,0103,Aqua,99,292.4,21.8,N,1,2024,6,29,181,1,3,1
38.326,26.4377,414.4,2024-06-29,1206,Aqua,100,321.6,365.5,D,1,2024,6,29,181,12,6,1
38.3276,26.4496,349.1,2024-06-29,1206,Aqua,93,311.5,49.8,D,1,2024,6,29,181,12,6,1
38.2484,26.3395,338.7,2024-06-29,1206,Aqua,81,309.7,29.6,D,1,2024,6,29,181,12,6,1
38.0826,27.506,406.0,2024-06-29,1206,Aqua,100,323.6,331.8,D,1,2024,6,29,181,12,6,1
38.0841,27.5188,365.1,2024-06-29,1206,Aqua,100,312.5,99.6,D,1,2024,6,29,181,12,6,1
38.0732,27.5077,420.9,2024-06-29,1206,Aqua,100,319.7,468.6,D,1,2024,6,29,181,12,6,1
38.0747,27.5205,366.8,2024-06-29,1206,Aqua,100,311.8,106.4,D,1,2024,6,29,181,12,6,1
38.3367,26.4478,386.3,2024-06-29,1206,Aqua,100,315.5,180.9,D,1,2024,6,29,181,12,6,1
38.3351,26.436,419.5,2024-06-29,1206,Aqua,94,326.1,408.3,D,1,2024,6,29,181,12,6,1
37.9208,27.2848,321.4,2024-06-29,1958,Terra,100,296.9,41.9,N,1,2024,6,29,181,19,58,1
38.2401,26.8306,338.3,2024-07-03,0821,Terra,86,306.4,28.3,D,1,2024,7,3,185,8,21,1
38.5355,27.2787,419.4,2024-07-03,1133,Aqua,100,316.3,748.7,D,1,2024,7,3,185,11,33,1
38.5321,27.2617,345.1,2024-07-03,1133,Aqua,90,305.3,83.1,D,1,2024,7,3,185,11,33,1
38.2991,27.0984,385.1,2024-07-10,1123,Aqua,100,310.9,566.8,D,1,2024,7,10,192,11,23,1
38.3047,27.1233,341.2,2024-07-10,1123,Aqua,88,308.4,108.7,D,1,2024,7,10,192,11,23,1
38.2964,27.0926,360.7,2024-07-10,1123,Aqua,100,309.7,260.0,D,1,2024,7,10,192,11,23,1
38.3021,27.1175,357.4,2024-07-10,1123,Aqua,98,309.2,227.7,D,1,2024,7,10,192,11,23,1
38.2011,28.1945,361.7,2024-07-13,1146,Aqua,100,312.1,78.2,D,1,2024,7,13,195,11,46,1
38.2987,26.6874,315.7,2024-07-14,2014,Terra,91,297.3,61.0,N,1,2024,7,14,196,20,14,1
38.2984,26.6818,316.5,2024-07-14,2014,Terra,93,297.2,65.5,N,1,2024,7,14,196,20,14,1
38.7962,27.0042,340.2,2024-07-15,0813,Terra,86,310.9,34.4,D,1,2024,7,15,197,8,13,1
38.0331,27.407,352.8,2024-07-17,1113,Aqua,96,304.9,330.1,D,1,2024,7,17,199,11,13,1
38.0375,27.4341,352.7,2024-07-17,1113,Aqua,96,303.6,321.6,D,1,2024,7,17,199,11,13,1
38.03,27.4041,347.4,2024-07-17,1113,Aqua,92,304.7,264.7,D,1,2024,7,17,199,11,13,1
38.0404,27.4368,347.5,2024-07-17,1113,Aqua,93,303.7,256.2,D,1,2024,7,17,199,11,13,1
38.7007,26.8383,348.5,2024-07-18,1153,Aqua,92,314.9,42.6,D,1,2024,7,18,200,11,53,1
38.336,27.1756,360.1,2024-07-18,1153,Aqua,100,314.7,68.2,D,1,2024,7,18,200,11,53,1
38.3377,27.187,429.0,2024-07-18,1153,Aqua,100,322.6,469.1,D,1,2024,7,18,200,11,53,1
38.3271,27.1778,409.3,2024-07-18,1153,Aqua,100,323.4,301.5,D,1,2024,7,18,200,11,53,1
38.3289,27.1892,426.6,2024-07-18,1153,Aqua,100,322.3,446.2,D,1,2024,7,18,200,11,53,1
38.3036,27.1925,350.7,2024-07-18,1938,Terra,100,302.8,64.2,N,1,2024,7,18,200,19,38,1
38.3302,27.1928,328.5,2024-07-18,1938,Terra,100,301.8,23.3,N,1,2024,7,18,200,19,38,1
38.3316,27.2048,322.4,2024-07-18,1938,Terra,100,300.8,15.7,N,1,2024,7,18,200,19,38,1
38.3211,27.1947,315.4,2024-07-18,1938,Terra,88,301.0,8.8,N,1,2024,7,18,200,19,38,1
38.3105,27.1847,324.8,2024-07-18,1938,Terra,100,301.6,18.5,N,1,2024,7,18,200,19,38,1
38.312,27.1966,340.6,2024-07-18,1938,Terra,100,301.9,42.7,N,1,2024,7,18,200,19,38,1
38.3364,27.1671,312.7,2024-07-18,1938,Terra,80,300.0,6.2,N,1,2024,7,18,200,19,38,1
38.3378,27.1789,348.7,2024-07-18,1938,Terra,100,302.2,59.1,N,1,2024,7,18,200,19,38,1
38.3393,27.1909,328.8,2024-07-18,1938,Terra,100,301.3,23.6,N,1,2024,7,18,200,19,38,1
38.691,26.8383,313.0,2024-07-18,1938,Terra,81,299.8,7.3,N,1,2024,7,18,200,19,38,1
38.2945,27.1943,318.9,2024-07-18,1938,Terra,97,301.5,12.5,N,1,2024,7,18,200,19,38,1
38.293,27.1823,319.4,2024-07-18,1938,Terra,98,301.4,12.9,N,1,2024,7,18,200,19,38,1
38.305,27.2044,317.3,2024-07-18,1938,Terra,94,300.6,10.6,N,1,2024,7,18,200,19,38,1
38.65,26.8033,352.5,2024-07-30,1149,Aqua,95,316.0,58.9,D,1,2024,7,30,212,11,49,1
38.2033,27.5607,320.4,2024-07-30,1930,Terra,100,298.5,15.2,N,1,2024,7,30,212,19,30,1
38.2355,26.6653,315.5,2024-07-30,1930,Terra,90,298.3,10.8,N,1,2024,7,30,212,19,30,1
38.2371,26.6764,320.9,2024-07-30,1930,Terra,100,299.1,15.8,N,1,2024,7,30,212,19,30,1
38.2267,26.6673,325.2,2024-07-30,1930,Terra,100,299.7,20.2,N,1,2024,7,30,212,19,30,1
38.2157,26.6641,363.7,2024-07-30,1930,Terra,100,303.0,93.9,N,1,2024,7,30,212,19,30,1
38.2283,26.6785,320.3,2024-07-30,1930,Terra,100,299.5,14.9,N,1,2024,7,30,212,19,30,1
38.3565,26.7326,367.5,2024-07-31,1230,Aqua,94,311.0,276.0,D,1,2024,7,31,213,12,30,1
38.358,26.7273,344.5,2024-07-31,1230,Aqua,85,309.5,115.0,D,1,2024,7,31,213,12,30,1
38.8035,26.9233,320.9,2024-08-09,0059,Aqua,100,294.8,18.1,N,1,2024,8,9,222,0,59,1
38.8016,26.9351,318.3,2024-08-09,0059,Aqua,97,296.3,15.6,N,1,2024,8,9,222,0,59,1
38.5337,27.1854,317.5,2024-08-14,0105,Aqua,95,297.6,17.4,N,1,2024,8,14,227,1,5,1
38.1476,27.6479,339.5,2024-08-14,1208,Aqua,81,314.3,26.2,D,1,2024,8,14,227,12,8,1
38.5323,27.1936,316.8,2024-08-16,0048,Aqua,94,297.6,13.0,N,1,2024,8,16,229,0,48,1
38.5339,27.182,339.6,2024-08-16,0048,Aqua,100,299.3,41.9,N,1,2024,8,16,229,0,48,1
38.5184,27.169,380.5,2024-08-16,0824,Terra,100,317.6,147.5,D,1,2024,8,16,229,8,24,1
38.5167,27.18,364.5,2024-08-16,0824,Terra,100,310.9,88.6,D,1,2024,8,16,229,8,24,1
38.513,27.1445,356.4,2024-08-16,0824,Terra,98,312.8,64.4,D,1,2024,8,16,229,8,24,1
38.5113,27.1558,377.3,2024-08-16,0824,Terra,100,320.0,131.4,D,1,2024,8,16,229,8,24,1
38.5096,27.1669,406.3,2024-08-16,0824,Terra,100,324.0,283.7,D,1,2024,8,16,229,8,24,1
38.5079,27.1779,391.6,2024-08-16,0824,Terra,100,315.8,196.0,D,1,2024,8,16,229,8,24,1
38.5105,27.0911,376.9,2024-08-16,0824,Terra,100,320.6,129.6,D,1,2024,8,16,229,8,24,1
38.5088,27.1024,387.1,2024-08-16,0824,Terra,100,320.3,174.8,D,1,2024,8,16,229,8,24,1
38.5036,27.1364,381.8,2024-08-16,0824,Terra,100,317.3,152.1,D,1,2024,8,16,229,8,24,1
38.5019,27.1477,407.9,2024-08-16,0824,Terra,100,323.9,298.5,D,1,2024,8,16,229,8,24,1
38.5002,27.1589,365.4,2024-08-16,0824,Terra,100,316.1,90.6,D,1,2024,8,16,229,8,24,1
38.4985,27.1699,364.0,2024-08-16,0824,Terra,100,317.1,86.6,D,1,2024,8,16,229,8,24,1
38.5017,27.0892,350.6,2024-08-16,0824,Terra,95,311.9,50.8,D,1,2024,8,16,229,8,24,1
38.4999,27.1005,345.5,2024-08-16,0824,Terra,92,313.7,40.8,D,1,2024,8,16,229,8,24,1
38.4948,27.1343,380.8,2024-08-16,0824,Terra,100,310.0,148.4,D,1,2024,8,16,229,8,24,1
38.4931,27.1456,375.1,2024-08-16,0824,Terra,100,308.3,126.4,D,1,2024,8,16,229,8,24,1
38.4897,27.1679,350.1,2024-08-16,0824,Terra,95,311.8,51.2,D,1,2024,8,16,229,8,24,1
38.3467,27.1387,340.3,2024-08-16,0824,Terra,88,311.4,31.5,D,1,2024,8,16,229,8,24,1
38.6332,27.2628,334.1,2024-08-16,0824,Terra,82,312.1,20.9,D,1,2024,8,16,229,8,24,1
38.517,27.0831,370.2,2024-08-16,1151,Aqua,100,319.9,109.7,D,1,2024,8,16,229,11,51,1
38.508,27.0852,343.8,2024-08-16,1151,Aqua,86,321.3,33.6,D,1,2024,8,16,229,11,51,1
38.51,27.0976,362.0,2024-08-16,1151,Aqua,100,321.0,81.0,D,1,2024,8,16,229,11,51,1
38.5218,27.1699,362.4,2024-08-16,1151,Aqua,100,318.8,83.3,D,1,2024,8,16,229,11,51,1
38.5009,27.0996,349.6,2024-08-16,1151,Aqua,93,318.5,46.1,D,1,2024,8,16,229,11,51,1
38.5048,27.1234,345.2,2024-08-16,1151,Aqua,88,317.6,37.1,D,1,2024,8,16,229,11,51,1
38.5068,27.1357,349.9,2024-08-16,1151,Aqua,83,320.1,45.2,D,1,2024,8,16,229,11,51,1
38.4957,27.1258,354.4,2024-08-16,1151,Aqua,96,318.2,59.5,D,1,2024,8,16,229,11,51,1
38.4847,27.116,362.1,2024-08-16,1151,Aqua,100,318.6,83.1,D,1,2024,8,16,229,11,51,1
38.4867,27.1281,354.1,2024-08-16,1151,Aqua,96,316.3,58.8,D,1,2024,8,16,229,11,51,1
38.1906,27.5649,353.7,2024-08-16,1926,Terra,100,303.0,67.2,N,1,2024,8,16,229,19,26,1
38.1922,27.576,346.4,2024-08-16,1926,Terra,100,302.0,51.4,N,1,2024,8,16,229,19,26,1
38.1019,27.6665,343.2,2024-08-16,1926,Terra,100,299.9,46.4,N,1,2024,8,16,229,19,26,1
38.1035,27.6776,316.5,2024-08-16,1926,Terra,93,299.2,11.8,N,1,2024,8,16,229,19,26,1
38.0932,27.6685,341.8,2024-08-16,1926,Terra,100,301.8,44.0,N,1,2024,8,16,229,19,26,1
38.2098,27.572,353.0,2024-08-16,1926,Terra,100,302.2,65.9,N,1,2024,8,16,229,19,26,1
38.2114,27.5832,325.5,2024-08-16,1926,Terra,100,299.2,20.5,N,1,2024,8,16,229,19,26,1
38.1994,27.5629,354.2,2024-08-16,1926,Terra,100,302.7,68.4,N,1,2024,8,16,229,19,26,1
38.201,27.574,364.2,2024-08-16,1926,Terra,100,306.7,94.8,N,1,2024,8,16,229,19,26,1
38.2026,27.5852,314.3,2024-08-16,1926,Terra,88,300.4,9.7,N,1,2024,8,16,229,19,26,1
38.5175,27.1401,314.1,2024-08-16,1927,Terra,87,299.1,9.7,N,1,2024,8,16,229,19,27,1
38.5143,27.1177,342.7,2024-08-16,1927,Terra,100,301.0,44.9,N,1,2024,8,16,229,19,27,1
38.5126,27.1065,323.3,2024-08-16,1927,Terra,100,299.7,17.7,N,1,2024,8,16,229,19,27,1
38.5312,27.1719,339.7,2024-08-16,1927,Terra,100,300.1,40.8,N,1,2024,8,16,229,19,27,1
38.5296,27.1606,344.9,2024-08-16,1927,Terra,100,300.4,49.8,N,1,2024,8,16,229,19,27,1
38.4967,27.1217,311.7,2024-08-16,1927,Terra,81,299.0,7.3,N,1,2024,8,16,229,19,27,1
38.5071,27.1309,322.5,2024-08-16,1927,Terra,100,301.2,16.2,N,1,2024,8,16,229,19,27,1
38.5055,27.1197,347.3,2024-08-16,1927,Terra,100,305.8,53.3,N,1,2024,8,16,229,19,27,1
38.5038,27.1085,318.5,2024-08-16,1927,Terra,97,300.8,12.6,N,1,2024,8,16,229,19,27,1
38.5422,27.1667,318.0,2024-08-17,0128,Aqua,96,294.7,57.6,N,1,2024,8,17,230,1,28,1
38.5284,27.165,314.9,2024-08-17,0128,Aqua,90,295.8,44.4,N,1,2024,8,17,230,1,28,1
38.5328,27.1616,322.7,2024-08-17,0128,Aqua,100,296.3,71.9,N,1,2024,8,17,230,1,28,1
38.204,27.5795,314.5,2024-08-17,0128,Aqua,89,295.3,53.2,N,1,2024,8,17,230,1,28,1
38.5339,27.1622,334.2,2024-08-17,0903,Terra,85,303.2,155.1,D,1,2024,8,17,230,9,3,1
38.5359,27.1584,336.0,2024-08-17,0903,Terra,87,302.9,170.6,D,1,2024,8,17,230,9,3,1
38.2062,27.5624,342.1,2024-08-17,1231,Aqua,88,314.3,111.5,D,1,2024,8,17,230,12,31,1
38.2081,27.5876,336.4,2024-08-17,1231,Aqua,83,311.6,79.9,D,1,2024,8,17,230,12,31,1
38.0825,27.665,339.8,2024-08-17,1231,Aqua,86,311.3,95.8,D,1,2024,8,17,230,12,31,1
38.0847,27.6419,342.2,2024-08-17,1231,Aqua,88,311.8,111.2,D,1,2024,8,17,230,12,31,1
38.0868,27.6691,337.2,2024-08-17,1231,Aqua,84,312.3,82.8,D,1,2024,8,17,230,12,31,1
38.0957,27.6623,337.5,2024-08-17,1231,Aqua,84,312.8,84.1,D,1,2024,8,17,230,12,31,1
38.5368,27.1543,353.5,2024-08-17,1231,Aqua,96,310.4,184.1,D,1,2024,8,17,230,12,31,1
38.4531,26.518,336.3,2024-08-17,2007,Terra,100,296.1,139.2,N,1,2024,8,17,230,20,7,1
38.4514,26.4935,328.6,2024-08-17,2007,Terra,100,296.7,98.1,N,1,2024,8,17,230,20,7,1
38.445,26.5416,311.0,2024-08-18,0031,Aqua,81,294.4,19.1,N,1,2024,8,18,231,0,31,1
38.1773,27.0804,340.9,2024-08-21,1157,Aqua,87,306.1,34.9,D,1,2024,8,21,234,11,57,1
38.7251,26.9716,327.5,2024-09-26,1135,Aqua,80,304.1,43.1,D,1,2024,9,26,270,11,35,1
38.6537,26.9588,349.1,2025-05-24,1216,Aqua,94,307.5,54.2,D,1,2025,5,24,144,12,16,1
38.6516,26.9466,336.4,2025-05-24,1216,Aqua,86,306.9,27.5,D,1,2025,5,24,144,12,16,1
38.2272,27.2592,340.8,2025-05-27,1234,Aqua,90,305.8,40.0,D,1,2025,5,27,147,12,34,1
38.8758,27.1384,350.4,2025-06-10,0755,Terra,95,308.8,53.3,D,1,2025,6,10,161,7,55,1
38.8774,27.1269,380.1,2025-06-10,0755,Terra,100,313.5,147.0,D,1,2025,6,10,161,7,55,1
38.8789,27.1153,338.3,2025-06-10,0755,Terra,86,308.2,30.5,D,1,2025,6,10,161,7,55,1
38.8847,27.1403,343.4,2025-06-10,0755,Terra,90,310.7,40.2,D,1,2025,6,10,161,7,55,1
38.9984,26.9809,333.0,2025-06-10,0755,Terra,82,307.1,22.6,D,1,2025,6,10,161,7,55,1
38.7037,26.9616,361.2,2025-06-25,1143,Aqua,100,313.6,488.7,D,1,2025,6,25,176,11,43,1
38.709,26.9173,349.4,2025-06-25,1143,Aqua,94,313.7,311.5,D,1,2025,6,25,176,11,43,1
38.7188,26.9558,336.3,2025-06-25,1143,Aqua,84,313.4,155.6,D,1,2025,6,25,176,11,43,1
38.6938,26.923,384.8,2025-06-25,1143,Aqua,100,316.0,1045.5,D,1,2025,6,25,176,11,43,1
38.6972,26.9409,333.4,2025-06-25,1321,Aqua,81,311.8,169.8,D,1,2025,6,25,176,13,21,1
38.6816,26.9124,325.0,2025-06-25,1900,Terra,100,300.3,20.6,N,1,2025,6,25,176,19,0,1
38.7019,26.9255,353.5,2025-06-25,1900,Terra,100,310.1,72.3,N,1,2025,6,25,176,19,0,1
38.7,26.9137,322.5,2025-06-25,1900,Terra,100,301.2,17.8,N,1,2025,6,25,176,19,0,1
38.7127,26.9351,333.4,2025-06-25,1900,Terra,100,304.1,31.5,N,1,2025,6,25,176,19,0,1
38.7109,26.9232,342.2,2025-06-25,1900,Terra,100,303.7,46.9,N,1,2025,6,25,176,19,0,1
38.6929,26.9277,328.2,2025-06-25,1900,Terra,100,305.4,25.6,N,1,2025,6,25,176,19,0,1
38.7127,26.9714,326.8,2025-06-26,1939,Terra,100,302.7,65.6,N,1,2025,6,26,177,19,39,1
38.7107,26.9452,343.8,2025-06-26,1939,Terra,100,303.0,147.0,N,1,2025,6,26,177,19,39,1
38.6993,26.9663,337.5,2025-06-26,1939,Terra,100,302.7,113.4,N,1,2025,6,26,177,19,39,1
38.6975,26.9408,338.3,2025-06-26,1939,Terra,100,301.6,117.4,N,1,2025,6,26,177,19,39,1
38.7121,26.9643,343.4,2025-06-26,1939,Terra,100,303.9,145.8,N,1,2025,6,26,177,19,39,1
38.7103,26.9384,331.7,2025-06-26,1939,Terra,100,301.4,86.5,N,1,2025,6,26,177,19,39,1
38.7249,26.963,332.3,2025-06-26,1939,Terra,100,302.8,89.2,N,1,2025,6,26,177,19,39,1
38.7232,26.9379,310.8,2025-06-26,1939,Terra,81,300.3,18.0,N,1,2025,6,26,177,19,39,1
38.6998,26.9732,318.9,2025-06-26,1939,Terra,98,301.8,40.1,N,1,2025,6,26,177,19,39,1
38.6979,26.9475,354.5,2025-06-26,1939,Terra,100,302.9,220.6,N,1,2025,6,26,177,19,39,1
38.7261,26.9407,316.2,2025-06-27,0158,Aqua,93,296.8,43.7,N,1,2025,6,27,178,1,58,1
38.7202,26.9661,322.6,2025-06-27,0158,Aqua,100,298.2,65.6,N,1,2025,6,27,178,1,58,1
38.5858,27.0795,322.3,2025-06-27,0158,Aqua,100,299.1,64.4,N,1,2025,6,27,178,1,58,1
38.5799,27.1046,379.9,2025-06-27,0158,Aqua,100,307.2,561.5,N,1,2025,6,27,178,1,58,1
38.583,27.1013,356.0,2025-06-27,0158,Aqua,100,303.4,274.8,N,1,2025,6,27,178,1,58,1
38.5704,27.0955,384.8,2025-06-27,0158,Aqua,100,304.9,640.0,N,1,2025,6,27,178,1,58,1
38.5649,27.1194,327.5,2025-06-27,0158,Aqua,100,300.2,86.5,N,1,2025,6,27,178,1,58,1
38.7239,26.9601,332.2,2025-06-27,0158,Aqua,100,299.0,106.1,N,1,2025,6,27,178,1,58,1
38.4793,27.3103,355.7,2025-06-27,1300,Aqua,97,309.7,194.5,D,1,2025,6,27,178,13,0,1
38.4942,27.3343,340.7,2025-06-27,1300,Aqua,86,314.4,94.4,D,1,2025,6,27,178,13,0,1
38.4921,27.309,343.6,2025-06-27,1300,Aqua,89,313.8,111.9,D,1,2025,6,27,178,13,0,1
38.4947,27.3267,342.1,2025-06-27,1300,Aqua,87,315.0,103.3,D,1,2025,6,27,178,13,0,1
38.4814,27.3364,343.7,2025-06-27,1300,Aqua,89,313.5,109.8,D,1,2025,6,27,178,13,0,1
38.5141,27.0697,341.1,2025-06-28,0817,Terra,90,310.3,52.5,D,1,2025,6,28,179,8,17,1
38.1817,26.9798,353.8,2025-06-29,1239,Aqua,96,316.2,63.3,D,1,2025,6,29,180,12,39,1
38.1832,26.992,355.3,2025-06-29,1239,Aqua,97,311.5,70.2,D,1,2025,6,29,180,12,39,1
38.1694,26.9576,347.6,2025-06-29,1239,Aqua,93,314.2,47.8,D,1,2025,6,29,180,12,39,1
38.171,26.9697,358.8,2025-06-29,1239,Aqua,99,319.3,76.6,D,1,2025,6,29,180,12,39,1
38.1724,26.9812,410.5,2025-06-29,1239,Aqua,100,325.2,354.8,D,1,2025,6,29,180,12,39,1
38.1739,26.9932,476.7,2025-06-29,1239,Aqua,100,330.4,1289.4,D,1,2025,6,29,180,12,39,1
38.1603,26.9593,398.1,2025-06-29,1239,Aqua,100,320.7,261.7,D,1,2025,6,29,180,12,39,1
38.1618,26.9715,368.2,2025-06-29,1239,Aqua,100,319.4,110.2,D,1,2025,6,29,180,12,39,1
38.1633,26.9835,377.7,2025-06-29,1239,Aqua,100,313.7,150.6,D,1,2025,6,29,180,12,39,1
38.1648,26.9953,360.6,2025-06-29,1239,Aqua,100,308.1,88.6,D,1,2025,6,29,180,12,39,1
38.1495,26.9485,358.6,2025-06-29,1239,Aqua,99,308.6,77.3,D,1,2025,6,29,180,12,39,1
38.151,26.9605,359.9,2025-06-29,1239,Aqua,99,316.1,81.5,D,1,2025,6,29,180,12,39,1
38.1526,26.9728,400.0,2025-06-29,1239,Aqua,100,325.3,275.8,D,1,2025,6,29,180,12,39,1
38.1388,26.9383,361.9,2025-06-29,1239,Aqua,100,308.6,87.9,D,1,2025,6,29,180,12,39,1
38.1403,26.9501,388.0,2025-06-29,1239,Aqua,100,317.9,200.1,D,1,2025,6,29,180,12,39,1
38.1418,26.962,398.2,2025-06-29,1239,Aqua,100,327.6,262.9,D,1,2025,6,29,180,12,39,1
38.1433,26.9742,464.1,2025-06-29,1239,Aqua,100,333.4,1040.0,D,1,2025,6,29,180,12,39,1
38.145,26.987,407.4,2025-06-29,1239,Aqua,100,311.7,332.6,D,1,2025,6,29,180,12,39,1
38.1282,26.9285,349.5,2025-06-29,1239,Aqua,94,307.5,53.8,D,1,2025,6,29,180,12,39,1
38.1297,26.9404,393.2,2025-06-29,1239,Aqua,100,319.4,230.7,D,1,2025,6,29,180,12,39,1
38.1312,26.9521,392.1,2025-06-29,1239,Aqua,100,330.6,224.6,D,1,2025,6,29,180,12,39,1
38.1326,26.9637,460.0,2025-06-29,1239,Aqua,100,400.1,966.5,D,1,2025,6,29,180,12,39,1
38.1342,26.9762,379.4,2025-06-29,1239,Aqua,100,304.6,159.4,D,1,2025,6,29,180,12,39,1
38.1176,26.9183,337.8,2025-06-29,1239,Aqua,84,306.0,31.2,D,1,2025,6,29,180,12,39,1
38.1191,26.9303,461.2,2025-06-29,1239,Aqua,100,331.0,981.4,D,1,2025,6,29,180,12,39,1
38.1206,26.9423,393.4,2025-06-29,1239,Aqua,100,319.5,231.5,D,1,2025,6,29,180,12,39,1
38.1221,26.9543,426.7,2025-06-29,1239,Aqua,100,323.4,507.7,D,1,2025,6,29,180,12,39,1
38.1236,26.9663,460.2,2025-06-29,1239,Aqua,100,321.1,970.8,D,1,2025,6,29,180,12,39,1
38.1541,26.9851,409.1,2025-06-29,1239,Aqua,100,316.0,346.1,D,1,2025,6,29,180,12,39,1
38.1084,26.9202,359.5,2025-06-29,1239,Aqua,99,308.5,83.4,D,1,2025,6,29,180,12,39,1
38.1099,26.9322,432.7,2025-06-29,1239,Aqua,100,331.3,575.0,D,1,2025,6,29,180,12,39,1
38.1115,26.9444,442.7,2025-06-29,1239,Aqua,100,330.3,698.3,D,1,2025,6,29,180,12,39,1
38.113,26.9566,415.0,2025-06-29,1239,Aqua,100,310.0,392.8,D,1,2025,6,29,180,12,39,1
38.0916,26.917,433.5,2025-06-29,1239,Aqua,100,316.8,584.2,D,1,2025,6,29,180,12,39,1
38.0931,26.9291,453.0,2025-06-29,1239,Aqua,100,327.8,846.3,D,1,2025,6,29,180,12,39,1
38.0947,26.9413,378.7,2025-06-29,1239,Aqua,100,306.9,155.8,D,1,2025,6,29,180,12,39,1
38.1677,26.8705,354.7,2025-06-29,1239,Aqua,97,313.2,68.0,D,1,2025,6,29,180,12,39,1
38.1801,26.9679,344.7,2025-06-29,1239,Aqua,91,313.7,42.2,D,1,2025,6,29,180,12,39,1
38.34,27.1513,342.8,2025-06-29,1240,Aqua,89,307.0,40.6,D,1,2025,6,29,180,12,40,1
38.3385,27.139,354.3,2025-06-29,1240,Aqua,97,310.9,68.6,D,1,2025,6,29,180,12,40,1
38.3493,27.1495,343.5,2025-06-29,1240,Aqua,90,310.2,41.8,D,1,2025,6,29,180,12,40,1
38.3477,27.1372,346.5,2025-06-29,1240,Aqua,92,311.9,48.1,D,1,2025,6,29,180,12,40,1
38.1342,26.9383,319.3,2025-06-29,1821,Terra,95,294.3,90.6,N,1,2025,6,29,180,18,21,1
38.1033,26.9483,335.4,2025-06-29,1821,Terra,100,295.2,219.0,N,1,2025,6,29,180,18,21,1
38.1143,26.9928,316.8,2025-06-29,1821,Terra,86,293.0,81.6,N,1,2025,6,29,180,18,21,1
38.0748,26.8783,328.2,2025-06-29,1821,Terra,100,295.5,166.4,N,1,2025,6,29,180,18,21,1
38.0583,26.8907,341.1,2025-06-29,1959,Terra,100,293.5,407.7,N,1,2025,6,29,180,19,59,1
38.0597,26.8833,345.1,2025-06-29,1959,Terra,100,294.1,474.5,N,1,2025,6,29,180,19,59,1
38.1487,26.9286,334.4,2025-06-29,1959,Terra,100,295.3,294.4,N,1,2025,6,29,180,19,59,1
38.1494,26.9242,327.0,2025-06-29,1959,Terra,80,295.0,203.4,N,1,2025,6,29,180,19,59,1
38.1557,26.8466,339.6,2025-06-30,0758,Terra,84,306.6,29.6,D,1,2025,6,30,181,7,58,1
38.1445,26.9241,353.8,2025-06-30,0758,Terra,97,308.8,58.8,D,1,2025,6,30,181,7,58,1
38.1429,26.9352,370.4,2025-06-30,0758,Terra,100,311.2,105.0,D,1,2025,6,30,181,7,58,1
38.1289,26.8917,338.3,2025-06-30,0758,Terra,81,304.1,27.8,D,1,2025,6,30,181,7,58,1
38.1218,26.8787,382.1,2025-06-30,0758,Terra,100,312.6,148.6,D,1,2025,6,30,181,7,58,1
38.1202,26.8897,382.1,2025-06-30,0758,Terra,100,309.9,149.2,D,1,2025,6,30,181,7,58,1
38.0939,26.8838,346.2,2025-06-30,0758,Terra,93,306.3,42.4,D,1,2025,6,30,181,7,58,1
38.1684,26.8838,344.8,2025-06-30,0758,Terra,92,310.9,38.3,D,1,2025,6,30,181,7,58,1
38.1668,26.8949,337.4,2025-06-30,0758,Terra,82,308.5,26.7,D,1,2025,6,30,181,7,58,1
38.1061,26.9842,350.5,2025-06-30,1318,Aqua,95,302.0,405.7,D,1,2025,6,30,181,13,18,1
38.0949,26.937,349.6,2025-06-30,1318,Aqua,82,306.1,391.0,D,1,2025,6,30,181,13,18,1
38.1042,26.9435,358.9,2025-06-30,1318,Aqua,99,306.9,547.9,D,1,2025,6,30,181,13,18,1
38.0687,26.8818,322.6,2025-06-30,1900,Terra,100,298.6,17.2,N,1,2025,6,30,181,19,0,1
38.0941,26.9848,349.7,2025-06-30,1900,Terra,100,300.1,62.5,N,1,2025,6,30,181,19,0,1
38.0922,26.9729,327.3,2025-06-30,1900,Terra,100,299.5,23.6,N,1,2025,6,30,181,19,0,1
38.0795,26.8913,316.0,2025-06-30,1900,Terra,92,298.7,11.1,N,1,2025,6,30,181,19,0,1
38.1031,26.9829,318.5,2025-06-30,1900,Terra,97,297.7,13.9,N,1,2025,6,30,181,19,0,1
38.1012,26.9707,315.2,2025-06-30,1900,Terra,90,298.3,10.8,N,1,2025,6,30,181,19,0,1
38.1172,26.8942,315.4,2025-06-30,1900,Terra,90,297.2,10.5,N,1,2025,6,30,181,19,0,1
38.1351,26.8894,313.5,2025-06-30,1900,Terra,86,297.4,9.5,N,1,2025,6,30,181,19,0,1
38.0833,26.9749,359.9,2025-06-30,1900,Terra,100,303.8,89.1,N,1,2025,6,30,181,19,0,1
38.0706,26.8935,317.4,2025-06-30,1900,Terra,87,299.3,12.1,N,1,2025,6,30,181,19,0,1
38.1805,26.8843,319.6,2025-06-30,1901,Terra,99,297.7,15.9,N,1,2025,6,30,181,19,1,1
38.3344,26.4824,336.0,2025-07-02,1258,Aqua,84,308.6,59.9,D,1,2025,7,2,183,12,58,1
38.3571,26.4919,378.0,2025-07-02,1258,Aqua,94,319.2,312.4,D,1,2025,7,2,183,12,58,1
38.3709,26.4974,363.9,2025-07-02,1258,Aqua,87,316.1,198.4,D,1,2025,7,2,183,12,58,1
38.3593,26.4984,378.2,2025-07-02,1258,Aqua,94,316.6,312.4,D,1,2025,7,2,183,12,58,1
38.3441,26.4612,357.6,2025-07-02,1258,Aqua,86,312.9,153.9,D,1,2025,7,2,183,12,58,1
38.3459,26.4807,401.8,2025-07-02,1258,Aqua,94,320.4,587.8,D,1,2025,7,2,183,12,58,1
38.325,26.4871,318.1,2025-07-02,1841,Terra,81,297.2,32.1,N,1,2025,7,2,183,18,41,1
38.3095,26.4708,320.4,2025-07-02,1841,Terra,100,297.6,38.1,N,1,2025,7,2,183,18,41,1
38.2938,26.4537,353.6,2025-07-02,1841,Terra,100,300.2,169.8,N,1,2025,7,2,183,18,41,1
38.2979,26.4744,351.5,2025-07-02,1841,Terra,100,300.9,157.9,N,1,2025,7,2,183,18,41,1
38.2823,26.4576,351.4,2025-07-02,1841,Terra,100,300.4,156.9,N,1,2025,7,2,183,18,41,1
38.2665,26.4404,345.5,2025-07-02,1841,Terra,100,299.6,128.8,N,1,2025,7,2,183,18,41,1
38.2707,26.4616,351.1,2025-07-02,1841,Terra,100,301.1,157.6,N,1,2025,7,2,183,18,41,1
38.3071,27.8932,315.7,2025-07-02,1841,Terra,92,291.4,26.4,N,1,2025,7,2,183,18,41,1
38.31,27.9084,311.2,2025-07-02,1841,Terra,82,292.5,19.7,N,1,2025,7,2,183,18,41,1
38.3151,27.8971,321.0,2025-07-02,1841,Terra,100,290.1,35.8,N,1,2025,7,2,183,18,41,1
38.3397,26.5201,334.1,2025-07-02,1841,Terra,100,298.6,78.1,N,1,2025,7,2,183,18,41,1
38.3354,26.499,331.3,2025-07-02,1841,Terra,100,298.2,67.6,N,1,2025,7,2,183,18,41,1
38.3312,26.4782,344.4,2025-07-02,1841,Terra,100,301.0,118.7,N,1,2025,7,2,183,18,41,1
38.327,26.4579,349.0,2025-07-02,1841,Terra,100,300.2,140.6,N,1,2025,7,2,183,18,41,1
38.3513,26.5168,374.7,2025-07-02,1841,Terra,100,301.9,322.6,N,1,2025,7,2,183,18,41,1
38.3469,26.4953,336.6,2025-07-02,1841,Terra,100,298.3,86.1,N,1,2025,7,2,183,18,41,1
38.3426,26.4742,358.6,2025-07-02,1841,Terra,100,301.0,196.9,N,1,2025,7,2,183,18,41,1
38.3384,26.4536,348.3,2025-07-02,1841,Terra,100,299.3,137.3,N,1,2025,7,2,183,18,41,1
38.3626,26.5123,327.4,2025-07-02,1841,Terra,100,298.1,57.4,N,1,2025,7,2,183,18,41,1
38.3041,26.4661,342.4,2025-07-02,1841,Terra,100,300.1,111.0,N,1,2025,7,2,183,18,41,1
38.374,26.5079,328.5,2025-07-02,1841,Terra,100,297.8,60.4,N,1,2025,7,2,183,18,41,1
38.3152,26.5041,326.2,2025-07-03,0056,Aqua,100,294.8,61.9,N,1,2025,7,3,184,0,56,1
38.3031,26.5028,329.1,2025-07-03,0056,Aqua,100,293.4,72.2,N,1,2025,7,3,184,0,56,1
38.2948,26.4555,320.5,2025-07-03,0056,Aqua,96,293.9,45.1,N,1,2025,7,3,184,0,56,1
38.2896,26.4493,325.5,2025-07-03,0056,Aqua,100,294.2,60.3,N,1,2025,7,3,184,0,56,1
38.3099,27.8964,341.0,2025-07-03,0056,Aqua,100,293.2,93.1,N,1,2025,7,3,184,0,56,1
38.2974,27.9096,330.4,2025-07-03,0056,Aqua,100,293.2,57.9,N,1,2025,7,3,184,0,56,1
38.229,26.4404,320.2,2025-07-03,0057,Aqua,100,294.8,47.2,N,1,2025,7,3,184,0,57,1
38.2532,26.4439,324.3,2025-07-03,0057,Aqua,100,294.4,57.4,N,1,2025,7,3,184,0,57,1
38.243,26.42,320.8,2025-07-03,0057,Aqua,100,293.8,47.9,N,1,2025,7,3,184,0,57,1
38.2411,26.4422,322.0,2025-07-03,0057,Aqua,100,294.8,51.0,N,1,2025,7,3,184,0,57,1
38.2309,26.418,321.2,2025-07-03,0057,Aqua,100,294.0,48.7,N,1,2025,7,3,184,0,57,1
38.364,26.512,335.1,2025-07-03,0818,Terra,86,309.2,43.4,D,1,2025,7,3,184,8,18,1
38.2894,26.4676,357.8,2025-07-03,0818,Terra,99,312.7,109.3,D,1,2025,7,3,184,8,18,1
38.2867,26.4822,413.3,2025-07-03,0818,Terra,100,319.7,538.7,D,1,2025,7,3,184,8,18,1
38.2766,26.4795,360.8,2025-07-03,0818,Terra,100,313.4,121.5,D,1,2025,7,3,184,8,18,1
38.2737,26.4948,343.0,2025-07-03,0818,Terra,88,307.7,61.3,D,1,2025,7,3,184,8,18,1
38.2692,26.4616,361.1,2025-07-03,0818,Terra,100,312.4,117.9,D,1,2025,7,3,184,8,18,1
38.2664,26.4767,367.5,2025-07-03,0818,Terra,100,311.7,151.6,D,1,2025,7,3,184,8,18,1
38.2636,26.4918,347.3,2025-07-03,0818,Terra,94,309.0,74.6,D,1,2025,7,3,184,8,18,1
38.249,26.4558,352.2,2025-07-03,0818,Terra,96,309.6,86.2,D,1,2025,7,3,184,8,18,1
38.259,27.8914,371.5,2025-07-03,1159,Aqua,100,308.0,283.1,D,1,2025,7,3,184,11,59,1
38.2667,26.44,357.6,2025-07-03,1159,Aqua,98,313.9,204.1,D,1,2025,7,3,184,11,59,1
38.2686,26.4439,349.7,2025-07-03,1159,Aqua,94,313.3,139.4,D,1,2025,7,3,184,11,59,1
38.2492,26.4788,360.6,2025-07-03,1159,Aqua,100,314.9,262.7,D,1,2025,7,3,184,11,59,1
38.2366,26.4832,376.7,2025-07-03,1159,Aqua,94,315.6,442.0,D,1,2025,7,3,184,11,59,1
38.3006,27.8732,341.3,2025-07-03,1159,Aqua,89,307.1,93.1,D,1,2025,7,3,184,11,59,1
38.305,27.8938,360.3,2025-07-03,1159,Aqua,100,308.0,199.8,D,1,2025,7,3,184,11,59,1
38.3058,27.8795,357.9,2025-07-03,1159,Aqua,99,307.4,183.4,D,1,2025,7,3,184,11,59,1
38.31,27.8995,349.0,2025-07-03,1159,Aqua,94,305.2,129.6,D,1,2025,7,3,184,11,59,1
38.2821,27.8838,355.7,2025-07-03,1159,Aqua,97,310.5,166.0,D,1,2025,7,3,184,11,59,1
38.2861,27.9029,363.4,2025-07-03,1159,Aqua,100,311.4,218.1,D,1,2025,7,3,184,11,59,1
38.2705,27.8872,411.9,2025-07-03,1159,Aqua,100,319.1,825.6,D,1,2025,7,3,184,11,59,1
38.2747,27.9074,442.7,2025-07-03,1159,Aqua,100,325.0,1562.4,D,1,2025,7,3,184,11,59,1
38.2628,27.9097,366.0,2025-07-03,1159,Aqua,100,310.4,232.8,D,1,2025,7,3,184,11,59,1
38.2685,27.926,335.2,2025-07-03,1920,Terra,100,299.2,50.7,N,1,2025,7,3,184,19,20,1
38.2668,27.9097,333.1,2025-07-03,1920,Terra,100,299.1,45.1,N,1,2025,7,3,184,19,20,1
38.2785,27.9235,328.1,2025-07-03,1920,Terra,100,297.6,36.3,N,1,2025,7,3,184,19,20,1
38.2762,27.9178,328.8,2025-07-03,1920,Terra,100,298.5,37.9,N,1,2025,7,3,184,19,20,1
38.2964,27.9131,315.0,2025-07-03,1920,Terra,90,295.6,17.8,N,1,2025,7,3,184,19,20,1
38.3148,27.891,321.5,2025-07-03,1920,Terra,100,291.5,29.4,N,1,2025,7,3,184,19,20,1
38.2333,27.8855,320.0,2025-07-03,1920,Terra,99,298.1,23.2,N,1,2025,7,3,184,19,20,1
38.2349,27.9012,365.9,2025-07-03,1920,Terra,100,303.8,154.6,N,1,2025,7,3,184,19,20,1
38.2365,27.9166,316.1,2025-07-03,1920,Terra,92,298.1,17.5,N,1,2025,7,3,184,19,20,1
38.2466,27.9146,336.1,2025-07-03,1920,Terra,100,300.2,53.0,N,1,2025,7,3,184,19,20,1
38.2248,27.9033,310.9,2025-07-03,1920,Terra,81,298.6,12.1,N,1,2025,7,3,184,19,20,1
38.245,27.8986,343.1,2025-07-03,1920,Terra,100,301.1,70.9,N,1,2025,7,3,184,19,20,1
38.2567,27.9123,352.8,2025-07-03,1920,Terra,100,303.7,100.8,N,1,2025,7,3,184,19,20,1
38.255,27.8957,327.9,2025-07-03,1920,Terra,100,298.7,35.3,N,1,2025,7,3,184,19,20,1
38.3039,27.2,370.5,2025-07-03,1921,Terra,100,300.7,156.5,N,1,2025,7,3,184,19,21,1
38.3181,27.24,314.1,2025-07-03,1921,Terra,82,297.2,12.4,N,1,2025,7,3,184,19,21,1
38.3166,27.2259,350.6,2025-07-03,1921,Terra,100,300.5,82.7,N,1,2025,7,3,184,19,21,1
38.3151,27.212,369.1,2025-07-03,1921,Terra,100,301.7,150.5,N,1,2025,7,3,184,19,21,1
38.3137,27.1982,321.4,2025-07-03,1921,Terra,100,297.3,20.7,N,1,2025,7,3,184,19,21,1
38.3279,27.2381,317.5,2025-07-03,1921,Terra,95,297.0,17.0,N,1,2025,7,3,184,19,21,1
38.3264,27.2241,323.4,2025-07-03,1921,Terra,100,298.2,24.7,N,1,2025,7,3,184,19,21,1
38.3362,27.2224,317.0,2025-07-03,1921,Terra,94,297.0,17.1,N,1,2025,7,3,184,19,21,1
38.2566,26.4191,321.6,2025-07-03,1921,Terra,100,300.1,20.3,N,1,2025,7,3,184,19,21,1
38.266,26.4174,335.9,2025-07-03,1921,Terra,100,299.2,42.6,N,1,2025,7,3,184,19,21,1
38.2878,26.4395,314.1,2025-07-03,1921,Terra,88,296.7,13.1,N,1,2025,7,3,184,19,21,1
38.3436,26.463,319.2,2025-07-03,1921,Terra,98,297.0,17.9,N,1,2025,7,3,184,19,21,1
38.3421,26.4502,313.0,2025-07-03,1921,Terra,86,296.5,11.2,N,1,2025,7,3,184,19,21,1
38.364,26.4725,323.1,2025-07-03,1921,Terra,100,296.4,22.7,N,1,2025,7,3,184,19,21,1
38.3778,26.5092,313.2,2025-07-03,1921,Terra,86,297.0,12.5,N,1,2025,7,3,184,19,21,1
38.2847,27.224,381.0,2025-07-03,1921,Terra,100,304.0,213.0,N,1,2025,7,3,184,19,21,1
38.2832,27.2102,431.0,2025-07-03,1921,Terra,100,312.2,676.8,N,1,2025,7,3,184,19,21,1
38.2817,27.1963,411.6,2025-07-03,1921,Terra,100,305.7,447.4,N,1,2025,7,3,184,19,21,1
38.2002,26.4755,353.8,2025-07-03,1921,Terra,100,300.1,83.0,N,1,2025,7,3,184,19,21,1
38.296,27.236,355.5,2025-07-03,1921,Terra,100,300.5,98.7,N,1,2025,7,3,184,19,21,1
38.2945,27.2221,448.4,2025-07-03,1921,Terra,100,319.6,946.8,N,1,2025,7,3,184,19,21,1
38.2929,27.2083,407.4,2025-07-03,1921,Terra,100,307.8,407.0,N,1,2025,7,3,184,19,21,1
38.2914,27.1945,367.1,2025-07-03,1921,Terra,100,300.3,140.3,N,1,2025,7,3,184,19,21,1
38.2127,26.4996,352.8,2025-07-03,1921,Terra,100,300.4,80.7,N,1,2025,7,3,184,19,21,1
38.2112,26.4867,401.7,2025-07-03,1921,Terra,100,307.8,321.6,N,1,2025,7,3,184,19,21,1
38.2971,27.2294,399.8,2025-07-03,1921,Terra,100,310.2,344.0,N,1,2025,7,3,184,19,21,1
38.2956,27.2155,402.8,2025-07-03,1921,Terra,100,310.7,367.7,N,1,2025,7,3,184,19,21,1
38.2941,27.2017,376.4,2025-07-03,1921,Terra,100,303.5,185.6,N,1,2025,7,3,184,19,21,1
38.2169,26.4924,332.9,2025-07-03,1921,Terra,100,300.1,36.5,N,1,2025,7,3,184,19,21,1
38.2154,26.4795,316.9,2025-07-03,1921,Terra,94,298.2,14.4,N,1,2025,7,3,184,19,21,1
38.3069,27.2278,364.1,2025-07-03,1921,Terra,100,303.2,130.3,N,1,2025,7,3,184,19,21,1
38.3054,27.2139,408.0,2025-07-03,1921,Terra,100,309.2,414.1,N,1,2025,7,3,184,19,21,1
38.3073,27.205,351.5,2025-07-04,0135,Aqua,100,297.6,81.4,N,1,2025,7,4,185,1,35,1
38.3096,27.1922,324.3,2025-07-04,0135,Aqua,100,292.8,26.1,N,1,2025,7,4,185,1,35,1
38.3167,27.2076,393.1,2025-07-04,0135,Aqua,100,302.7,271.6,N,1,2025,7,4,185,1,35,1
38.319,27.1947,323.9,2025-07-04,0135,Aqua,100,293.2,25.5,N,1,2025,7,4,185,1,35,1
38.3237,27.223,323.5,2025-07-04,0135,Aqua,100,294.8,25.4,N,1,2025,7,4,185,1,35,1
38.326,27.2101,359.8,2025-07-04,0135,Aqua,100,297.6,107.3,N,1,2025,7,4,185,1,35,1
38.2331,26.3993,321.1,2025-07-04,0135,Aqua,100,293.9,20.9,N,1,2025,7,4,185,1,35,1
38.2421,26.4018,317.1,2025-07-04,0135,Aqua,94,293.5,16.8,N,1,2025,7,4,185,1,35,1
38.2673,26.4213,320.7,2025-07-04,0135,Aqua,100,294.8,20.3,N,1,2025,7,4,185,1,35,1
38.2694,26.409,339.0,2025-07-04,0135,Aqua,100,295.6,47.2,N,1,2025,7,4,185,1,35,1
38.3449,26.4606,338.0,2025-07-04,0135,Aqua,100,296.3,46.1,N,1,2025,7,4,185,1,35,1
38.2375,27.8963,337.3,2025-07-04,0720,Terra,87,312.1,100.2,D,1,2025,7,4,185,7,20,1
38.2202,26.492,389.3,2025-07-04,1237,Aqua,100,323.5,184.7,D,1,2025,7,4,185,12,37,1
38.2098,26.4826,356.9,2025-07-04,1237,Aqua,85,321.7,61.6,D,1,2025,7,4,185,12,37,1
38.2114,26.4941,389.3,2025-07-04,1237,Aqua,87,321.6,185.8,D,1,2025,7,4,185,12,37,1
38.2186,26.4807,352.5,2025-07-04,1237,Aqua,95,323.0,49.8,D,1,2025,7,4,185,12,37,1
38.2697,26.4219,337.7,2025-07-05,0759,Terra,85,315.4,21.6,D,1,2025,7,5,186,7,59,1
38.8586,27.1365,355.8,2025-07-06,1217,Aqua,97,315.0,67.1,D,1,2025,7,6,187,12,17,1
38.6101,27.1798,375.8,2025-07-09,1235,Aqua,100,325.4,121.6,D,1,2025,7,9,190,12,35,1
38.6116,27.1913,344.0,2025-07-09,1235,Aqua,87,315.7,30.6,D,1,2025,7,9,190,12,35,1
38.6189,27.1779,350.4,2025-07-09,1235,Aqua,93,318.1,43.6,D,1,2025,7,9,190,12,35,1
38.6174,27.1665,349.5,2025-07-09,1235,Aqua,92,320.6,42.1,D,1,2025,7,9,190,12,35,1
38.2824,26.7699,317.0,2025-07-22,1844,Terra,92,301.1,21.7,N,1,2025,7,22,203,18,44,1
38.3608,27.2383,335.0,2025-07-28,1147,Aqua,80,307.9,144.5,D,1,2025,7,28,209,11,47,1
